source_type,source_name,source_id,relation_name,target_name,target_id,link_type
database,My Learning,1e663b73-60c9-8188-9a6e-dc1028a1562a,Topics of Interest,Unknown,1e663b73-60c9-8109-97f4-eaa48ff24c3f,relation
database,Bottlenecks,1e663b73-60c9-812b-92c7-cf120854fa10,Related Projects,My Projects,1e663b73-60c9-81e3-9ddc-d0d01be37dae,relation
database,My Quick Notes,1e663b73-60c9-8150-903e-cd3b52fd5078,My Projects,My Projects,1e663b73-60c9-81e3-9ddc-d0d01be37dae,relation
database,My Quick Notes,1e663b73-60c9-8150-903e-cd3b52fd5078,Topics of Interest,Unknown,1e663b73-60c9-8109-97f4-eaa48ff24c3f,relation
database,My Quick Notes,1e663b73-60c9-8150-903e-cd3b52fd5078,My Life Buckets,My Life Buckets,1e663b73-60c9-81ec-a120-fbfa5adfd5f5,relation
database,My Task List,1e663b73-60c9-81c0-89ab-c8e366cb63ab,Project,My Projects,1e663b73-60c9-81e3-9ddc-d0d01be37dae,relation
database,My Task List,1e663b73-60c9-81c0-89ab-c8e366cb63ab,Bucket,My Life Buckets,1e663b73-60c9-81ec-a120-fbfa5adfd5f5,relation
database,My Projects,1e663b73-60c9-81e3-9ddc-d0d01be37dae,My Life Buckets,My Life Buckets,1e663b73-60c9-81ec-a120-fbfa5adfd5f5,relation
page,HQ EXP,1e663b73-60c9-80ac-b1c5-e3d221ee1fa8,(linked view),,1e663b73-60c9-81cd-a4e4-fbcffdfaae83,linked_view
page,HQ EXP,1e663b73-60c9-80ac-b1c5-e3d221ee1fa8,(linked view),,1e663b73-60c9-8101-9b69-f3255d6a5333,linked_view
page,HQ EXP,1e663b73-60c9-80ac-b1c5-e3d221ee1fa8,(linked view),My Task List,1e663b73-60c9-81c0-89ab-c8e366cb63ab,linked_view
page,HQ EXP,1e663b73-60c9-80ac-b1c5-e3d221ee1fa8,(linked view),My Projects,1e663b73-60c9-81e3-9ddc-d0d01be37dae,linked_view
page,HQ EXP,1e663b73-60c9-80ac-b1c5-e3d221ee1fa8,(linked view),Workspaces,1e663b73-60c9-81df-8c3e-d1c51203220a,linked_view
page,HQ EXP,1e663b73-60c9-80ac-b1c5-e3d221ee1fa8,(linked view),My Life Buckets,1e663b73-60c9-81ec-a120-fbfa5adfd5f5,linked_view
page,Habit Tracker,1e663b73-60c9-819c-b62c-f7a7b7fa190e,(linked view),,1e663b73-60c9-81e4-843a-deda90e8198d,linked_view
page,Study,1e663b73-60c9-81ef-970f-f107fce9b9bc,(linked view),,1e663b73-60c9-81c5-8ab5-dc3dd7e20806,linked_view
page,Study,1e663b73-60c9-81ef-970f-f107fce9b9bc,(linked view),,1e663b73-60c9-81fa-a06a-d6ee0c6db64e,linked_view
page,Study,1e663b73-60c9-81ef-970f-f107fce9b9bc,(linked view),,1e663b73-60c9-81e8-a284-d1fe0ab16375,linked_view
page,Resources,1e663b73-60c9-8102-a5d6-dce7c3c2b970,(linked view),My Learning,1e663b73-60c9-8188-9a6e-dc1028a1562a,linked_view
page,Template,1e663b73-60c9-816b-8b3f-d9a222643809,(linked view),,1e663b73-60c9-8159-98a6-f51b9635454e,linked_view
page,Template,1e663b73-60c9-81cf-a724-ce9559669dfb,(linked view),,1e663b73-60c9-81df-83a6-ff4abc795df8,linked_view
page,New Project,1e663b73-60c9-818e-b09d-e3c7e6975b58,(linked view),,1e663b73-60c9-8153-93d0-ff5c90439fbd,linked_view
page,New Project,1e663b73-60c9-818e-b09d-e3c7e6975b58,(linked view),,1e663b73-60c9-81c7-8503-ef7921316906,linked_view
page,New Project,1e663b73-60c9-818e-b09d-e3c7e6975b58,(linked view),,1e663b73-60c9-8153-b421-e5d8d8e7ddea,linked_view
page,New Bucket,1e663b73-60c9-8199-b274-e650a6b98513,(linked view),,1e663b73-60c9-814c-bf9c-fe2287167d73,linked_view
page,New Bucket,1e663b73-60c9-8199-b274-e650a6b98513,(linked view),,1e663b73-60c9-8108-9a13-d4764b729e7f,linked_view
page,New Bucket,1e663b73-60c9-8199-b274-e650a6b98513,(linked view),,1e663b73-60c9-81ee-a31a-f944c97fe26d,linked_view
page,Moved the Needle,1e663b73-60c9-8107-b24e-ed04cfced8bc,(linked view),,1e663b73-60c9-81ac-83bc-d5746aa94bee,linked_view
page,Moved the Needle,1e663b73-60c9-8107-b24e-ed04cfced8bc,(linked view),,1e663b73-60c9-818e-94b8-ed56e96c6103,linked_view
page,Admin,1e663b73-60c9-8111-b324-c8e32b9a7164,(linked view),,1e663b73-60c9-8139-87e3-f85f5b561d66,linked_view
page,Admin,1e663b73-60c9-8111-b324-c8e32b9a7164,(linked view),,1e663b73-60c9-8145-a6d3-c7540db8cffd,linked_view
page,Admin,1e663b73-60c9-8111-b324-c8e32b9a7164,(linked view),,1e663b73-60c9-816c-a9cd-e92ac7721ddc,linked_view
page,Relationship,1e663b73-60c9-812e-9f9d-d14f54eb3ab3,(linked view),,1e663b73-60c9-814f-acf5-d91c1d67922b,linked_view
page,Relationship,1e663b73-60c9-812e-9f9d-d14f54eb3ab3,(linked view),,1e663b73-60c9-8120-9160-c9e9bea81fd3,linked_view
page,Relationship,1e663b73-60c9-812e-9f9d-d14f54eb3ab3,(linked view),,1e663b73-60c9-81ae-8e07-f658f0f76191,linked_view
page,Mobile HQ,1e663b73-60c9-813a-83eb-cb2f1c5cc25b,(linked view),,1e663b73-60c9-8181-8d94-d2f797c4bb2b,linked_view
page,Mobile HQ,1e663b73-60c9-813a-83eb-cb2f1c5cc25b,(linked view),,1e663b73-60c9-811f-9132-d9242e62878d,linked_view
page,Fitness,1e663b73-60c9-8150-8016-cbf7143302b8,(linked view),,1e663b73-60c9-812f-981b-cdb42b3eb525,linked_view
page,Fitness,1e663b73-60c9-8150-8016-cbf7143302b8,(linked view),,1e663b73-60c9-81f3-8a9d-ef4005ab4cf3,linked_view
page,Fitness,1e663b73-60c9-8150-8016-cbf7143302b8,(linked view),,1e663b73-60c9-815e-acac-f067c8600230,linked_view
page,Business,1e663b73-60c9-816c-977b-efe8e0023dab,(linked view),,1e663b73-60c9-8140-8c10-f7a321b3ec62,linked_view
page,Business,1e663b73-60c9-816c-977b-efe8e0023dab,(linked view),,1e663b73-60c9-81a0-b65a-ff062daf58ae,linked_view
page,Business,1e663b73-60c9-816c-977b-efe8e0023dab,(linked view),,1e663b73-60c9-81fd-a38b-c57c25a60698,linked_view
page,Job,1e663b73-60c9-8173-a49a-f0a987cd3387,(linked view),,1e663b73-60c9-81e5-a916-e1a241912537,linked_view
page,Job,1e663b73-60c9-8173-a49a-f0a987cd3387,(linked view),,1e663b73-60c9-81ec-976a-d529765a3531,linked_view
page,Job,1e663b73-60c9-8173-a49a-f0a987cd3387,(linked view),,1e663b73-60c9-8109-9fb8-fa15a88ad563,linked_view
page,Job,1e663b73-60c9-8173-a49a-f0a987cd3387,(linked view),,1e663b73-60c9-81e8-8dbf-c5a5b1403b68,linked_view
page,Journal,1e663b73-60c9-8174-8095-ce83e06fce51,(linked view),,1e663b73-60c9-8139-895e-cb74432c16d0,linked_view
page,Journal,1e663b73-60c9-8174-8095-ce83e06fce51,(linked view),,1e663b73-60c9-812c-b7a5-f76ea2956cf4,linked_view
page,Journal,1e663b73-60c9-8174-8095-ce83e06fce51,(linked view),,1e663b73-60c9-813b-9cde-fb02e99dac7d,linked_view
page,Family & Friends,1e663b73-60c9-8182-ac6b-ec24d9945581,(linked view),,1e663b73-60c9-814f-8dc1-d6810686190c,linked_view
page,Family & Friends,1e663b73-60c9-8182-ac6b-ec24d9945581,(linked view),,1e663b73-60c9-813b-b622-f026f3b6fdaa,linked_view
page,Family & Friends,1e663b73-60c9-8182-ac6b-ec24d9945581,(linked view),,1e663b73-60c9-8109-860c-c88e826a301c,linked_view
page,Personal,1e663b73-60c9-81ad-873f-ca48be897489,(linked view),,1e663b73-60c9-8195-a913-d11103fbe04d,linked_view
page,Bottlenecks,1e663b73-60c9-81cc-ad7a-eda9a329f90e,(linked view),Bottlenecks,1e663b73-60c9-812b-92c7-cf120854fa10,linked_view
page,Quick Notes,1e663b73-60c9-81d2-a0a8-c49958ee0558,(linked view),My Quick Notes,1e663b73-60c9-8150-903e-cd3b52fd5078,linked_view
page,Monthly Review,1e663b73-60c9-8186-bd2e-c8f7ca6e3029,(linked view),,1e663b73-60c9-81f0-973e-f5e022b4a857,linked_view
page,Monthly Review,1e663b73-60c9-8186-bd2e-c8f7ca6e3029,(linked view),,1e663b73-60c9-813d-a2f2-caaa7e423cde,linked_view
page,Monthly Review,1e663b73-60c9-8186-bd2e-c8f7ca6e3029,(linked view),,1e663b73-60c9-812d-9e77-f001d0fe2400,linked_view
page,Open Loops,1e663b73-60c9-81ae-afc2-d8d04d2259a6,(linked view),,1e663b73-60c9-813f-8f8e-db9bd5e4b078,linked_view
page,Open Loops,1e663b73-60c9-81ae-afc2-d8d04d2259a6,(linked view),,1e663b73-60c9-818d-8d66-e1f07fdba3ef,linked_view
page,Time Track,1e663b73-60c9-81b7-a78a-f1bdad5d10b2,(linked view),,1e663b73-60c9-8127-8389-c8958d60c7b6,linked_view
page,Weekly Review,1e663b73-60c9-81ce-b615-de21308b5da6,(linked view),,1e663b73-60c9-81c1-a845-f11208454694,linked_view
page,Weekly Review,1e663b73-60c9-81ce-b615-de21308b5da6,(linked view),,1e663b73-60c9-81ea-819e-cac5c38585a6,linked_view
page,Weekly Review,1e663b73-60c9-81ce-b615-de21308b5da6,(linked view),,1e663b73-60c9-81ab-b4fe-d4c20c9ceb93,linked_view
